numberrange_x,numberrange_y
-60.2594651136, 83.5472722944
61.2413822976, -63.5736646656
-36.9741910016, -52.5275547648
61.3356137472, -25.0285768704
26.8137242624, -162.7194600448
0.544492032, 78.5804514304
77.2308151296, 74.9907418112
-75.3663762432, -152.3718868992
-81.9324722176, -153.3177263104
-78.8464074752, 135.8332439552